latitude,longitude
40.4741763,-3.7185239
40.4730117,-3.7212068
40.4690952,-3.7168392
40.4715754,-3.7198301
40.4732133,-3.7207127
40.471941,-3.7197305
40.4714569,-3.7193813
40.471841,-3.7161305
40.4719927,-3.7213089
40.4744499,-3.7190685
40.4720761,-3.7208841
40.4742299,-3.7149622
40.47336,-3.7208113
40.4757012,-3.7197666
40.4743705,-3.7154871
40.4730941,-3.716745
40.4706568,-3.7250549
40.4730126,-3.7186949
40.4727281,-3.7214909
40.4746115,-3.721115
40.4611922,-3.724667
40.4652796,-3.7142956
40.463284,-3.7210965
40.4615606,-3.7220808
40.4656048,-3.7197864
40.464671,-3.7214706
40.4621578,-3.7212455
40.4623692,-3.7204371
40.4647483,-3.7172183
40.4638957,-3.7194687
40.4627883,-3.7155276
40.4648425,-3.7190419
40.4676686,-3.7166904
40.4675109,-3.7170253
40.4626371,-3.7190388
40.4616533,-3.7234608
40.4614037,-3.7211177
40.4659371,-3.7166466
40.4641527,-3.7142651
40.4611291,-3.7246126
40.4538644,-3.7170728
40.4578252,-3.7165416
40.4569071,-3.7163771
40.4555961,-3.7130866
40.4569244,-3.7165597
40.4500436,-3.7167986
40.4548707,-3.7124712
40.4545133,-3.7145863
40.4532334,-3.717233
40.4570442,-3.7173156
40.4550647,-3.7157523
40.4561351,-3.7129492
40.4449698,-3.7122409
40.4425323,-3.714175
40.4404113,-3.718436
40.4441767,-3.7150384
40.4429698,-3.7140409
40.4448698,-3.7137409
40.4461562,-3.717905
40.4418316,-3.7159987
40.4410144,-3.7158248
40.4470881,-3.7151653
40.4429144,-3.7153248
40.448151,-3.715534
40.4451972,-3.7138477
40.4410038,-3.7159316
40.4421043,-3.7144153
40.4417379,-3.7195205
40.4464044,-3.7166187
40.4445525,-3.7130506
40.4404491,-3.7178823
40.4430905,-3.7148704
40.4324835,-3.719501
40.4323091,-3.7163904
40.4345358,-3.7152506
40.4345034,-3.7159762
40.4331381,-3.7169485
40.4353674,-3.7162303
40.4314149,-3.718449
40.4379367,-3.7161142
40.4396985,-3.7165761
40.4358755,-3.7132292
40.4334148,-3.717507
40.4393096,-3.7139715
40.4340664,-3.7143296
40.4397505,-3.7153289
40.4356165,-3.7193612
40.4404113,-3.718436
40.4395768,-3.7169985
40.4392765,-3.7185299
40.4371899,-3.7135681
40.4400227,-3.7146877
40.4284255,-3.7201455
40.4324835,-3.719501
40.428569,-3.7188056
40.4278982,-3.7168979
40.4306632,-3.7181777
40.428036,-3.7157619
40.4290496,-3.7205061
40.4314149,-3.718449
40.4306796,-3.7188761
40.4267589,-3.7125088
40.4311937,-3.7212817
40.4309133,-3.7225645
40.4302032,-3.7189808
40.4260129,-3.7146084
40.4276427,-3.7179074
40.428622,-3.7191315
40.4282888,-3.7179066
40.4258771,-3.7138317
40.4295365,-3.7213876
40.4280684,-3.714235
40.4201146,-3.7178565
40.4210109,-3.7158968
40.4223147,-3.7158171
40.4211691,-3.7153165
40.4147903,-3.7161716
40.4217145,-3.7171936
40.4213236,-3.7148537
40.4147873,-3.7199456
40.4222804,-3.7154831
40.4191062,-3.7131102
40.4149631,-3.7192981
40.4156056,-3.7145328
40.4215775,-3.7161052
40.421747,-3.7165724
40.4157049,-3.7171398
40.4205359,-3.7168968
40.4195258,-3.7182963
40.4138393,-3.71773
40.4221663,-3.7148336
40.4207338,-3.7190838
40.4068129,-3.7132596
40.4115566,-3.71795
40.4110021,-3.7152329
40.4092321,-3.7151179
40.4090893,-3.7138622
40.4090251,-3.7135676
40.4103168,-3.7150674
40.4055322,-3.7210551
40.4057797,-3.718491
40.4098081,-3.7195731
40.4081172,-3.7192192
40.4113353,-3.7221544
40.4103407,-3.715309
40.4095508,-3.7193143
40.4118251,-3.7174506
40.4118251,-3.7174506
40.4118251,-3.7174506
40.4069955,-3.7206402
40.4099768,-3.7200666
40.4128756,-3.7194249
40.4007522,-3.717547
40.4001677,-3.7193961
40.3981806,-3.7184153
40.3963171,-3.7187433
40.4033376,-3.7226234
40.4031607,-3.7168384
40.4019695,-3.7200203
40.4019695,-3.7200203
40.4019695,-3.7200203
40.3980737,-3.7134053
40.3975965,-3.7134128
40.4040885,-3.721228
40.3965498,-3.7166783
40.3963132,-3.7176934
40.4031659,-3.7143874
40.3974187,-3.7183723
40.4034554,-3.7137312
40.4030969,-3.713747
40.3981299,-3.7213857
40.4010005,-3.7233299
40.3875095,-3.7193568
40.389504,-3.7157668
40.3909552,-3.7227984
40.3963171,-3.7187433
40.3936806,-3.7183595
40.391457,-3.717973
40.3899225,-3.7209229
40.3910997,-3.7244962
40.3945089,-3.7177246
40.3889868,-3.7209654
40.388823,-3.7229215
40.3943504,-3.7207543
40.3866572,-3.7218665
40.3915177,-3.7215974
40.3940245,-3.7200875
40.3963132,-3.7176934
40.393097,-3.7238276
40.3949417,-3.715765
40.3894128,-3.7236087
40.388332,-3.7208518
40.4629886,-3.7064427
40.4661215,-3.7120549
40.4652608,-3.7067104
40.467948,-3.7039345
40.4702466,-3.7033795
40.4652796,-3.7142956
40.4665995,-3.7070211
40.4679522,-3.7084747
40.4679522,-3.7084747
40.4679522,-3.7084747
40.465892,-3.7053755
40.4686657,-3.7022679
40.4686657,-3.7022679
40.4686657,-3.7022679
40.4675601,-3.7050263
40.4678872,-3.7142757
40.4711453,-3.7121287
40.46513,-3.7044987
40.4670038,-3.7127451
40.4680708,-3.7045465
40.4629886,-3.7064427
40.459947,-3.7068523
40.4623537,-3.7036587
40.4541876,-3.7071221
40.4601328,-3.7067535
40.4615032,-3.706558
40.4583565,-3.7071527
40.460964,-3.7035014
40.4576223,-3.7058061
40.4617195,-3.7032129
40.4553537,-3.706679
40.4561329,-3.7033125
40.4561329,-3.7033125
40.4597994,-3.7022828
40.457765,-3.7041501
40.4566789,-3.7066758
40.4595179,-3.7054007
40.4568251,-3.7035418
40.4555961,-3.7130866
40.4585495,-3.7075855
40.4511912,-3.708354
40.453451,-3.7083798
40.4461034,-3.7061305
40.4523583,-3.7103932
40.4505345,-3.7053996
40.4533876,-3.7064221
40.4461281,-3.7088919
40.447851,-3.7040621
40.4471209,-3.7049489
40.4498046,-3.7087476
40.4471209,-3.7049489
40.4541876,-3.7071221
40.4470281,-3.7106919
40.4519991,-3.7060546
40.453451,-3.7083798
40.4512022,-3.7093453
40.4471981,-3.7048111
40.4529318,-3.7083154
40.4461117,-3.7072077
40.4461117,-3.7072077
40.4384002,-3.7082182
40.4449698,-3.7122409
40.4425323,-3.714175
40.4393372,-3.7092363
40.4409227,-3.7148877
40.4400631,-3.705865
40.4389353,-3.7075692
40.4378,-3.7062803
40.4392049,-3.7102721
40.4365658,-3.7098989
40.4390864,-3.7077763
40.4416813,-3.7139987
40.4393859,-3.7115401
40.4387156,-3.7114138
40.4406083,-3.712881
40.4403295,-3.7138908
40.4393096,-3.7139715
40.4404153,-3.7066838
40.4397505,-3.7153289
40.4374255,-3.7045062
40.4301989,-3.7058415
40.4355204,-3.7106996
40.429529,-3.7031684
40.4315091,-3.7146904
40.4358916,-3.7050418
40.4332767,-3.7029327
40.4331831,-3.7041592
40.4343327,-3.7058122
40.4294528,-3.7033149
40.4277574,-3.7054041
40.4351118,-3.7065997
40.4319208,-3.7144619
40.4312194,-3.7049972
40.4365658,-3.7098989
40.4343603,-3.7048389
40.4297361,-3.7101616
40.4340664,-3.7143296
40.4327512,-3.7124513
40.4312563,-3.702158
40.4288571,-3.7038611
40.4232882,-3.7076315
40.4200451,-3.7032716
40.4266805,-3.7055265
40.4238653,-3.7114559
40.420356,-3.7032834
40.4206799,-3.7084846
40.425066,-3.7097948
40.4215737,-3.7035173
40.4222856,-3.7094072
40.4182691,-3.7111812
40.4206986,-3.7033323
40.4223285,-3.7075682
40.4267589,-3.7125088
40.4250214,-3.7077435
40.4211922,-3.7085265
40.4233396,-3.7046346
40.4234485,-3.7043967
40.4250138,-3.7082592
40.4235278,-3.7065447
40.4229237,-3.7087391
40.4135368,-3.7083211
40.416054,-3.7064593
40.4177238,-3.7101593
40.415794,-3.7054033
40.4124895,-3.7133811
40.4140217,-3.7030768
40.4161522,-3.703874
40.4093266,-3.7084326
40.4160276,-3.7061749
40.4182691,-3.7111812
40.4124402,-3.7043682
40.412821,-3.709278
40.4122736,-3.7029452
40.4157844,-3.7094666
40.4176674,-3.7106319
40.4116398,-3.709565
40.4140396,-3.710115
40.416246,-3.7118543
40.4178033,-3.705076
40.4125519,-3.7048959
40.4077816,-3.7114832
40.4068129,-3.7132596
40.4042884,-3.7076277
40.4029382,-3.7107943
40.4093266,-3.7084326
40.4025791,-3.7049071
40.4075656,-3.703892
40.4064404,-3.7024263
40.4055743,-3.7045026
40.4085341,-3.7043553
40.4088701,-3.7083251
40.4057129,-3.7037383
40.4072601,-3.7035319
40.4094055,-3.7079498
40.4012198,-3.7042467
40.4081774,-3.7077542
40.4064164,-3.7111215
40.4090702,-3.7116658
40.4018864,-3.7042903
40.4091415,-3.7080915
40.3969365,-3.7089076
40.3923356,-3.7072873
40.3935323,-3.7089724
40.3980737,-3.7134053
40.3975965,-3.7134128
40.3983353,-3.704146
40.3955629,-3.7089363
40.3907168,-3.7093954
40.3946177,-3.7099061
40.393156,-3.7124578
40.3987642,-3.7108979
40.3939253,-3.706612
40.3997164,-3.7045226
40.3969695,-3.7085889
40.3957863,-3.7074273
40.3944962,-3.7093025
40.3950549,-3.706874
40.3948625,-3.7100318
40.3979321,-3.7103378
40.3988073,-3.7044289
40.3850469,-3.7100092
40.3854627,-3.7064401
40.3881113,-3.7098624
40.3838589,-3.7113409
40.3854901,-3.7125439
40.3839486,-3.7034306
40.3863239,-3.7042551
40.3833646,-3.705087
40.3823349,-3.7060115
40.3907168,-3.7093954
40.3829041,-3.7041795
40.3830784,-3.7090035
40.3866399,-3.7089547
40.3818764,-3.709105
40.3857625,-3.7104279
40.3864359,-3.7035632
40.3869635,-3.7091142
40.3857486,-3.7040306
40.3844283,-3.7026409
40.3876158,-3.7121404
40.4702466,-3.7033795
40.4689965,-3.7013521
40.4695552,-3.6951418
40.4686657,-3.7022679
40.4686657,-3.7022679
40.4686657,-3.7022679
40.4713239,-3.6934742
40.4686183,-3.7000754
40.4679978,-3.6984276
40.4691145,-3.6958612
40.4688528,-3.6943129
40.4734718,-3.6927103
40.4686657,-3.7022679
40.4686657,-3.7022679
40.4686657,-3.7022679
40.4703422,-3.7010954
40.4684449,-3.7017313
40.4710899,-3.692545
40.4710899,-3.692545
40.4694028,-3.697883
40.4606554,-3.7020477
40.4597748,-3.6951164
40.4668016,-3.698243
40.4591353,-3.6981167
40.4620963,-3.6937462
40.4623537,-3.7036587
40.45867,-3.697132
40.4605376,-3.6961418
40.4588926,-3.6991225
40.4618677,-3.6992017
40.460964,-3.7035014
40.4592014,-3.6971583
40.4617195,-3.7032129
40.4642059,-3.6948611
40.460974,-3.6968927
40.4609097,-3.6978156
40.4597994,-3.7022828
40.4600599,-3.7002541
40.4667575,-3.7008123
40.46513,-3.7044987
40.452704,-3.6970736
40.4497754,-3.6971514
40.4529615,-3.6990373
40.4513674,-3.695223
40.4535105,-3.6979177
40.4554101,-3.7004686
40.4509052,-3.6934284
40.4591353,-3.6981167
40.4514343,-3.6969147
40.4522087,-3.6925313
40.4567834,-3.6982891
40.4576741,-3.6980697
40.4560229,-3.6936066
40.4513865,-3.7002143
40.4560995,-3.6999623
40.4564219,-3.6980062
40.449986,-3.6954183
40.4569822,-3.6969694
40.45867,-3.697132
40.4548529,-3.6974894
40.4462893,-3.7000957
40.445587,-3.701225
40.4434997,-3.698626
40.4497754,-3.6971514
40.4424851,-3.6947161
40.447887,-3.699525
40.4407704,-3.7014101
40.4474429,-3.6972268
40.4476646,-3.6987557
40.4428974,-3.6961318
40.4471014,-3.7006617
40.4477685,-3.6987417
40.448699,-3.6991355
40.4418243,-3.6964376
40.4451575,-3.6990245
40.4448493,-3.7018251
40.4436129,-3.7032326
40.444952,-3.6964589
40.4409375,-3.6976386
40.4471602,-3.695146
40.4315428,-3.6963686
40.4383773,-3.6962245
40.4396482,-3.6981743
40.4389729,-3.6978679
40.4321294,-3.6980635
40.4358916,-3.7050418
40.4396476,-3.6971451
40.4332767,-3.7029327
40.4332391,-3.6932397
40.4369469,-3.6939842
40.4407704,-3.7014101
40.4381882,-3.702788
40.4383386,-3.6981473
40.4379129,-3.6961349
40.4385171,-3.6960974
40.4329648,-3.6954456
40.4367184,-3.6923171
40.4363124,-3.6970136
40.4327598,-3.6941476
40.4372732,-3.7017188
40.4281916,-3.7002198
40.4222232,-3.6995858
40.4234113,-3.7001452
40.4260603,-3.7016206
40.4270028,-3.6940813
40.4275716,-3.6944782
40.4249176,-3.6941403
40.4239288,-3.698415
40.4315428,-3.6963686
40.428785,-3.6944193
40.4253315,-3.6950476
40.4275963,-3.7033839
40.4265552,-3.694168
40.429529,-3.7031684
40.4245006,-3.693932
40.42725,-3.7009083
40.4321294,-3.6980635
40.4228316,-3.6986209
40.4255594,-3.695551
40.4294528,-3.7033149
40.4149124,-3.7014127
40.4222232,-3.6995858
40.4186085,-3.7036609
40.4191292,-3.6961293
40.4200804,-3.6979561
40.4152207,-3.6935631
40.4200451,-3.7032716
40.416867,-3.6991907
40.4161522,-3.703874
40.420356,-3.7032834
40.4219883,-3.6950779
40.4215737,-3.7035173
40.4228316,-3.6986209
40.4174982,-3.6972359
40.4224635,-3.700928
40.4169672,-3.7006775
40.4185914,-3.7007193
40.4214912,-3.6999548
40.4206986,-3.7033323
40.4209841,-3.6996543
40.4127017,-3.6936889
40.4132127,-3.7005005
40.4064684,-3.6984521
40.4075656,-3.703892
40.4064404,-3.7024263
40.41175,-3.7008937
40.4067432,-3.6992566
40.4074799,-3.700564
40.409954,-3.7028165
40.4117311,-3.7017644
40.4122736,-3.7029452
40.4079124,-3.7006041
40.4116577,-3.700438
40.4085571,-3.7025875
40.4085404,-3.7029182
40.4104145,-3.7006622
40.4082736,-3.7005428
40.4135246,-3.6982522
40.4119652,-3.701246
40.4058543,-3.7015334
40.3971986,-3.7007215
40.396568,-3.6974078
40.4038519,-3.6996998
40.4008759,-3.692744
40.3980263,-3.7003396
40.3966485,-3.6966183
40.3995463,-3.7016515
40.4003414,-3.7010371
40.4054082,-3.6982024
40.403567,-3.695386
40.3971274,-3.6963585
40.3983526,-3.7004227
40.4045289,-3.6963003
40.3983526,-3.7004227
40.4014688,-3.6927797
40.4007232,-3.6922417
40.4012198,-3.7042467
40.3979212,-3.6979908
40.4018864,-3.7042903
40.4032328,-3.697986
40.3943562,-3.6971769
40.3932833,-3.6969784
40.3935949,-3.6940719
40.3886938,-3.6940097
40.3916259,-3.6941845
40.3951526,-3.7009982
40.3918257,-3.6944126
40.3948267,-3.6994152
40.3953579,-3.6982355
40.3883883,-3.6943697
40.3940104,-3.6956311
40.3910753,-3.7027562
40.3911971,-3.7009435
40.3940068,-3.7002723
40.3924905,-3.6924159
40.3888209,-3.7009567
40.3937464,-3.6940241
40.3926024,-3.6954242
40.3925763,-3.6940911
40.3921429,-3.7029086
40.4691015,-3.6927669
40.4644518,-3.6839847
40.4635908,-3.6843611
40.4710207,-3.6870109
40.4681679,-3.6858083
40.4698438,-3.6857225
40.4707406,-3.6853977
40.4641891,-3.6869977
40.4708584,-3.6878994
40.4633492,-3.6878227
40.4726499,-3.6892726
40.465087,-3.6841564
40.4727564,-3.6864024
40.4722304,-3.6883082
40.4644598,-3.6912289
40.4634311,-3.6883378
40.4636235,-3.6871297
40.4697162,-3.6888801
40.4725581,-3.6892576
40.463841,-3.6921902
40.4559655,-3.6881392
40.4551036,-3.6849954
40.4557473,-3.6841847
40.4590198,-3.6892319
40.4603737,-3.6855484
40.4576796,-3.6860386
40.4538175,-3.6893128
40.461715,-3.6827537
40.4559598,-3.6912404
40.4556049,-3.688378
40.4608923,-3.691386
40.4596237,-3.6839762
40.4623203,-3.6913848
40.4625653,-3.6913114
40.4579914,-3.6860094
40.4607984,-3.6920735
40.4624923,-3.691186
40.4610978,-3.6912074
40.4582422,-3.6879983
40.4581916,-3.6912907
40.4458755,-3.6850241
40.4498363,-3.6888544
40.4470831,-3.6887793
40.4475649,-3.6835661
40.449977,-3.6881812
40.4518786,-3.6856267
40.4504671,-3.6820881
40.4538175,-3.6893128
40.4486423,-3.6878038
40.4528142,-3.6869479
40.4509052,-3.6934284
40.4499709,-3.6876894
40.4522087,-3.6925313
40.4475423,-3.6870038
40.4521548,-3.6828286
40.4546614,-3.6860115
40.449815,-3.6932084
40.4469608,-3.6900268
40.4491572,-3.6848593
40.4479699,-3.6904503
40.4423696,-3.6906382
40.4406598,-3.6940098
40.4423548,-3.6818418
40.4405359,-3.6937545
40.4367184,-3.6923171
40.4371429,-3.6836446
40.4396937,-3.6931367
40.4382956,-3.6939512
40.4376908,-3.687554
40.4382241,-3.6934455
40.4394985,-3.693625
40.4381523,-3.6894781
40.4364358,-3.6889821
40.4374462,-3.6874611
40.4377685,-3.6858454
40.4397338,-3.6885652
40.4379488,-3.6859716
40.4373338,-3.6899652
40.4406054,-3.691462
40.4414496,-3.6914604
40.4295544,-3.6860075
40.4285521,-3.6847676
40.4317822,-3.6926522
40.435383,-3.6834546
40.4336097,-3.6857186
40.4336097,-3.6843186
40.4347855,-3.6906635
40.4342391,-3.6917397
40.4341349,-3.6915779
40.4294154,-3.6887677
40.4341766,-3.682478
40.428063,-3.6886141
40.4318506,-3.691042
40.4290468,-3.6852231
40.4342585,-3.6844873
40.4332391,-3.6932397
40.4332972,-3.685847
40.4298391,-3.6821931
40.4323317,-3.6939558
40.4327598,-3.6941476
40.4241278,-3.6821597
40.4263317,-3.684023
40.4222525,-3.6903553
40.4224303,-3.6862786
40.4244737,-3.6874037
40.4222131,-3.689758
40.422763,-3.6832064
40.4239588,-3.6817385
40.4218254,-3.6899761
40.4249176,-3.6941403
40.4233841,-3.6823607
40.4236102,-3.6859998
40.4243905,-3.6842327
40.4245006,-3.693932
40.4209031,-3.6894859
40.4265808,-3.6837628
40.4201613,-3.6872585
40.425615,-3.684323
40.425293,-3.6939302
40.4240178,-3.6944872
40.4152207,-3.6935631
40.4154668,-3.6902118
40.4127017,-3.6936889
40.409445,-3.6899088
40.4138468,-3.6881911
40.4171846,-3.6900498
40.4154329,-3.6922328
40.4165358,-3.6936876
40.4086954,-3.6875073
40.4175986,-3.6923926
40.4169474,-3.6925111
40.4138808,-3.6908729
40.4145682,-3.6948326
40.4121368,-3.6891189
40.4138468,-3.6911911
40.4174777,-3.6910599
40.4141221,-3.6927633
40.4094507,-3.6909287
40.4187999,-3.6896022
40.416529,-3.6916915
40.4073829,-3.6861528
40.4052717,-3.692324
40.4057672,-3.6831596
40.409445,-3.6899088
40.4073977,-3.6901781
40.4059969,-3.6828756
40.4066733,-3.6819753
40.4060828,-3.6858182
40.4011274,-3.6881662
40.4024696,-3.6908827
40.4071926,-3.6850237
40.406501,-3.6887278
40.4078988,-3.6869759
40.4086954,-3.6875073
40.4007232,-3.6922417
40.4014688,-3.6927797
40.4071177,-3.6906628
40.4074878,-3.6904384
40.4082318,-3.6918653
40.4085665,-3.6854267
40.3935949,-3.6940719
40.3959445,-3.6948735
40.3974477,-3.6924393
40.3935987,-3.6915768
40.3964265,-3.693616
40.3924905,-3.6924159
40.3937464,-3.6940241
40.3945516,-3.689338
40.395943,-3.6889226
40.3941872,-3.6881279
40.3979727,-3.6937133
40.396874,-3.6899753
40.393389,-3.6903327
40.3973466,-3.6927418
40.4006428,-3.6898029
40.3945707,-3.6879133
40.3955907,-3.6947061
40.3939108,-3.6874674
40.3971847,-3.6939791
40.4007848,-3.6896221
40.3874054,-3.6905404
40.3886938,-3.6940097
40.3861978,-3.6871272
40.3883883,-3.6943697
40.3867232,-3.6872711
40.3883883,-3.6942195
40.3851563,-3.6944487
40.3901223,-3.691669
40.390431,-3.6923624
40.3875654,-3.6861824
40.3910601,-3.6903417
40.3859251,-3.6932172
40.3913677,-3.6867893
40.3883167,-3.68945
40.3910947,-3.690563
40.387998,-3.688988
40.3857791,-3.6914302
40.384742,-3.6865248
40.3896301,-3.6927132
40.3907099,-3.6889633
40.4757863,-3.6744431
40.4688595,-3.6770343
40.4755987,-3.6749083
40.4712193,-3.6756896
40.4718931,-3.6743083
40.4727187,-3.6720833
40.4716342,-3.6736876
40.4727455,-3.6723716
40.4684169,-3.6781974
40.4716595,-3.6768049
40.476151,-3.67703
40.4757429,-3.6774229
40.4701913,-3.671997
40.4724193,-3.6750896
40.4760513,-3.6743893
40.4690854,-3.6817517
40.4728811,-3.6769398
40.4709611,-3.6731474
40.4745341,-3.6720301
40.4702556,-3.6719639
40.4644518,-3.6839847
40.4655589,-3.6787438
40.4668931,-3.6757013
40.466278,-3.6758703
40.461715,-3.6827537
40.4635908,-3.6843611
40.4595461,-3.6814706
40.4661546,-3.6795875
40.462384,-3.6805673
40.462384,-3.6805673
40.4648381,-3.6775974
40.4641947,-3.6824799
40.4625865,-3.6776868
40.4636014,-3.6813334
40.4619927,-3.6728882
40.4664725,-3.6804954
40.4635725,-3.6827954
40.4655928,-3.6756306
40.4602262,-3.6781053
40.4639725,-3.6820954
40.4557473,-3.6841847
40.457633,-3.6777511
40.4541185,-3.6795166
40.4506561,-3.6735826
40.4579515,-3.676707
40.4574787,-3.679573
40.453965,-3.6835852
40.4504671,-3.6820881
40.4518164,-3.6813784
40.458104,-3.6776618
40.4572824,-3.6804055
40.4549515,-3.6823441
40.4564128,-3.67691
40.458133,-3.6787511
40.452284,-3.6803476
40.4550637,-3.6776828
40.4497548,-3.6792286
40.4564508,-3.6819593
40.4516917,-3.6785399
40.4521548,-3.6828286
40.4464857,-3.6820302
40.4469411,-3.6819908
40.4475649,-3.6835661
40.4466046,-3.6717554
40.4425432,-3.6731943
40.4423512,-3.6725744
40.4497548,-3.6792286
40.4423548,-3.6818418
40.4415698,-3.6747232
40.4411205,-3.6807445
40.4414413,-3.6753391
40.4463028,-3.6721867
40.4435148,-3.6808952
40.4459716,-3.6740793
40.4437533,-3.6820635
40.4430059,-3.6719756
40.4440122,-3.6793233
40.4437286,-3.6827832
40.4492827,-3.6737161
40.4459083,-3.6840737
40.4350594,-3.6773608
40.437352,-3.6815077
40.4361709,-3.6842406
40.437296,-3.681717
40.435383,-3.6834546
40.4364302,-3.6752362
40.436186,-3.6762041
40.433874,-3.6803784
40.4341766,-3.682478
40.4349416,-3.6771664
40.4344451,-3.6777924
40.4365001,-3.6794745
40.4369899,-3.6734355
40.4323839,-3.6776448
40.4339552,-3.6742565
40.4342105,-3.6806847
40.4317825,-3.6769221
40.4344047,-3.675768
40.4323864,-3.675423
40.4369701,-3.6803235
40.4311012,-3.6807539
40.4241278,-3.6821597
40.4263317,-3.684023
40.4239588,-3.6817385
40.4278055,-3.6741852
40.4247472,-3.6726295
40.4240898,-3.6779659
40.4233841,-3.6823607
40.4283809,-3.6728475
40.427744,-3.6717854
40.4280491,-3.679805
40.425738,-3.6819605
40.4236618,-3.6763223
40.4278829,-3.6806013
40.4237615,-3.6774594
40.4231908,-3.6755533
40.4248946,-3.6753834
40.4311727,-3.6738407
40.4294351,-3.6765531
40.4265808,-3.6837628
40.4218051,-3.6729977
40.4183818,-3.6760239
40.4222042,-3.6738743
40.4164611,-3.6783168
40.4159162,-3.6728975
40.417789,-3.6770386
40.4220919,-3.678147
40.4232151,-3.6772637
40.4159848,-3.6753514
40.4216157,-3.6786261
40.4223527,-3.6823135
40.417803,-3.6751012
40.4210961,-3.6748584
40.4217675,-3.6750848
40.4220705,-3.6772904
40.4224814,-3.6782447
40.4161523,-3.6777228
40.4226949,-3.6794262
40.4165577,-3.6793605
40.4173301,-3.674748
40.4063942,-3.6811686
40.4101864,-3.6721707
40.4070193,-3.6758298
40.4093349,-3.6818881
40.4085571,-3.681073
40.4069679,-3.6761371
40.4059969,-3.6828756
40.4066733,-3.6819753
40.4082627,-3.6739291
40.405748,-3.6807608
40.405664,-3.6797803
40.4053065,-3.6745721
40.4101341,-3.6720141
40.4087219,-3.6718317
40.4066546,-3.6782296
40.4077602,-3.674817
40.4050007,-3.6797875
40.4050392,-3.6785624
40.4068186,-3.6798222
40.4113301,-3.676013
40.399237,-3.6731059
40.4020733,-3.673515
40.4011796,-3.6734256
40.4050007,-3.6797875
40.4050392,-3.6785624
40.4025402,-3.6810642
40.4033724,-3.6778426
40.4031176,-3.6795846
40.4024418,-3.6769208
40.4050456,-3.6793265
40.4031989,-3.6741028
40.3992144,-3.6716495
40.4038588,-3.6783619
40.4044711,-3.6748746
40.4020938,-3.6805425
40.4043296,-3.6775874
40.4022001,-3.6731956
40.4048972,-3.6763514
40.402169,-3.6779009
40.403826,-3.6798907
40.3914842,-3.6777168
40.392715,-3.6787327
40.391115,-3.6798327
40.3924846,-3.6734401
40.3931448,-3.6798072
40.3912117,-3.6717012
40.3912117,-3.6717012
40.3912117,-3.6717012
40.3922787,-3.679301
40.3912117,-3.6717012
40.3912117,-3.6717012
40.3912117,-3.6717012
40.3912117,-3.6717012
40.3912117,-3.6717012
40.3912117,-3.6717012
40.3912117,-3.6717012
40.3913716,-3.6775483
40.3936347,-3.6724922
40.3935976,-3.6831144
40.3914553,-3.6719174
40.471801,-3.6658052
40.4650944,-3.6622322
40.4682253,-3.6656121
40.4672813,-3.6667947
40.4706472,-3.6672756
40.4688653,-3.6702168
40.4658464,-3.662819
40.4658464,-3.662819
40.4658464,-3.662819
40.4692718,-3.6717677
40.4701913,-3.671997
40.4660008,-3.6640952
40.4646786,-3.6726754
40.4646456,-3.6662454
40.4709611,-3.6731474
40.4677218,-3.6727893
40.4684905,-3.6642341
40.4700225,-3.6643663
40.4680052,-3.6649107
40.4629394,-3.6661338
40.4553008,-3.666561
40.4602341,-3.6627738
40.4592028,-3.6628752
40.4581871,-3.6672064
40.4613267,-3.662597
40.4600058,-3.6625232
40.4596553,-3.6732124
40.4619927,-3.6728882
40.4561475,-3.6679041
40.4558592,-3.6683507
40.4582153,-3.6666198
40.462149,-3.6729832
40.4557822,-3.6663348
40.4625366,-3.6641559
40.4625366,-3.6641559
40.4625366,-3.6641559
40.4611384,-3.673683
40.4627208,-3.6704475
40.4615487,-3.6704171
40.4602728,-3.6734018
40.4506561,-3.6735826
40.4503199,-3.6705686
40.4483963,-3.6638782
40.4468304,-3.6651149
40.4468819,-3.6690712
40.4466046,-3.6717554
40.445934,-3.6708538
40.4501218,-3.6682181
40.4534582,-3.6724864
40.4463678,-3.664487
40.4507462,-3.6621043
40.4515987,-3.6704349
40.4463028,-3.6721867
40.4488228,-3.6708389
40.4481967,-3.6695864
40.4530706,-3.6729035
40.4467222,-3.67084
40.4492827,-3.6737161
40.446666,-3.6687249
40.4495462,-3.6640834
40.4368793,-3.6699579
40.4361753,-3.6683086
40.4433586,-3.6654264
40.4412033,-3.6706429
40.4425432,-3.6731943
40.4389535,-3.6719437
40.4423512,-3.6725744
40.4443278,-3.6672701
40.4365995,-3.6678856
40.4407754,-3.6695052
40.43818,-3.6731481
40.4387555,-3.6728758
40.4413628,-3.672975
40.438563,-3.6707575
40.4430059,-3.6719756
40.4410012,-3.6643931
40.437963,-3.6658565
40.443636,-3.6661066
40.4411567,-3.6721712
40.4409955,-3.6694906
40.4293012,-3.6628727
40.4283809,-3.6728475
40.427744,-3.6717854
40.4361753,-3.6683086
40.4272289,-3.6695613
40.4353489,-3.6643401
40.4282264,-3.6666885
40.4311727,-3.6738407
40.4283212,-3.6667091
40.4313069,-3.6734156
40.431051,-3.6623435
40.4315396,-3.6680132
40.4303059,-3.6702977
40.4365995,-3.6678856
40.434315,-3.6684124
40.4316078,-3.6675077
40.4270919,-3.670044
40.435129,-3.6691503
40.4271916,-3.6684569
40.4306037,-3.6739292
40.4247472,-3.6726295
40.4218051,-3.6729977
40.4190441,-3.6673567
40.4222042,-3.6738743
40.4217567,-3.6718047
40.4272289,-3.6695613
40.4228242,-3.6655782
40.4228695,-3.6687674
40.4205974,-3.6718377
40.4178103,-3.6667673
40.4257716,-3.6697022
40.4270919,-3.670044
40.4253839,-3.672916
40.4271916,-3.6684569
40.4256623,-3.6692585
40.4265401,-3.6698716
40.4263163,-3.6695014
40.4246597,-3.670482
40.4247637,-3.6725717
40.4253597,-3.6668501
40.4101864,-3.6721707
40.4116234,-3.6717307
40.4159162,-3.6728975
40.4178103,-3.6667673
40.4128419,-3.6721839
40.4159519,-3.6715508
40.4101341,-3.6720141
40.4166003,-3.6668563
40.4143789,-3.6632557
40.4131273,-3.6713044
40.409828,-3.6641479
40.4169804,-3.6711172
40.4096206,-3.6701002
40.4093337,-3.6689276
40.4095641,-3.6666977
40.4132354,-3.6716255
40.4176456,-3.670114
40.4169514,-3.6700812
40.4110959,-3.6691312
40.4186684,-3.666276
40.4027729,-3.6714523
40.406909,-3.6681006
40.401463,-3.6707986
40.4018285,-3.6677976
40.4053894,-3.6716606
40.4053065,-3.6745721
40.4087219,-3.6718317
40.4020733,-3.673515
40.4088047,-3.6651648
40.4069206,-3.6690101
40.4076664,-3.6640701
40.4096206,-3.6701002
40.4085134,-3.6691107
40.4009397,-3.6649254
40.4095641,-3.6666977
40.4093337,-3.6689276
40.4002217,-3.665895
40.4046456,-3.673671
40.4031989,-3.6741028
40.402169,-3.6703319
40.3938748,-3.6629391
40.3996356,-3.6707493
40.3946315,-3.6650404
40.3919133,-3.6687264
40.3963749,-3.6637697
40.3916931,-3.6704805
40.393882,-3.664662
40.4002217,-3.665895
40.3992144,-3.6716495
40.394349,-3.6668025
40.3986031,-3.6635914
40.4007918,-3.6694919
40.3951421,-3.661805
40.393881,-3.6643765
40.3995856,-3.6644877
40.3958835,-3.6636359
40.4000949,-3.6707033
40.3948654,-3.6611793
40.397494,-3.6634686
40.3993725,-3.6629662
40.3869694,-3.670087
40.3837573,-3.6655991
40.3896877,-3.6642005
40.3896355,-3.6678207
40.3919133,-3.6687264
40.3861704,-3.6711116
40.389164,-3.671411
40.3864419,-3.668395
40.3824944,-3.6691552
40.3856167,-3.6716489
40.3829156,-3.6685265
40.3912373,-3.6683601
40.3889842,-3.6640706
40.3850563,-3.6672335
40.3841132,-3.672694
40.3841859,-3.6716092
40.3843802,-3.6688878
40.3841145,-3.6704712
40.3826173,-3.6678947
40.3885597,-3.6671854
